{
  "win_rate": 42.857142857142854,
  "total": 56,
  "last10_wr": 20.0,
  "yes_wr": 45.16129032258064,
  "no_wr": 40.0,
  "worse_direction": "NO",
  "conv3_wr": 44.44444444444444,
  "conv4_wr": 40.0,
  "conv4_flagged": false,
  "ts": "2026-03-23T02:30:02.557727+00:00"
}