{
  "win_rate": 45.33333333333333,
  "total": 75,
  "last10_wr": 40.0,
  "yes_wr": 47.82608695652174,
  "no_wr": 41.37931034482759,
  "worse_direction": "NO",
  "conv3_wr": 46.875,
  "conv4_wr": 40.0,
  "conv4_flagged": false,
  "ts": "2026-03-23T20:00:02.660375+00:00"
}