{
  "win_rate": 48.78048780487805,
  "total": 41,
  "last10_wr": 20.0,
  "yes_wr": 54.166666666666664,
  "no_wr": 41.17647058823529,
  "worse_direction": "NO",
  "conv3_wr": 53.333333333333336,
  "conv4_wr": 40.0,
  "conv4_flagged": true,
  "ts": "2026-03-21T15:30:02.935140+00:00"
}