{
  "win_rate": 47.61904761904761,
  "total": 84,
  "last10_wr": 70.0,
  "yes_wr": 50.943396226415096,
  "no_wr": 41.935483870967744,
  "worse_direction": "NO",
  "conv3_wr": 49.31506849315068,
  "conv4_wr": 40.0,
  "conv4_flagged": false,
  "ts": "2026-03-24T12:30:02.309214+00:00"
}