{
  "win_rate": 55.74712643678161,
  "total": 174,
  "last10_wr": 70.0,
  "yes_wr": 60.0,
  "no_wr": 38.23529411764706,
  "worse_direction": "NO",
  "conv3_wr": 57.05521472392638,
  "conv4_wr": 40.0,
  "conv4_flagged": true,
  "ts": "2026-04-01T19:30:03.872778+00:00"
}