{
  "win_rate": 48.837209302325576,
  "total": 86,
  "last10_wr": 80.0,
  "yes_wr": 52.72727272727272,
  "no_wr": 41.935483870967744,
  "worse_direction": "NO",
  "conv3_wr": 50.66666666666667,
  "conv4_wr": 40.0,
  "conv4_flagged": true,
  "ts": "2026-03-25T09:30:01.629287+00:00"
}