{
  "win_rate": 52.94117647058824,
  "total": 102,
  "last10_wr": 80.0,
  "yes_wr": 57.74647887323944,
  "no_wr": 41.935483870967744,
  "worse_direction": "NO",
  "conv3_wr": 54.94505494505495,
  "conv4_wr": 40.0,
  "conv4_flagged": true,
  "ts": "2026-03-25T14:00:02.864054+00:00"
}