{
  "win_rate": 50.0,
  "total": 88,
  "last10_wr": 80.0,
  "yes_wr": 54.385964912280706,
  "no_wr": 41.935483870967744,
  "worse_direction": "NO",
  "conv3_wr": 51.94805194805194,
  "conv4_wr": 40.0,
  "conv4_flagged": true,
  "ts": "2026-03-25T10:30:01.803251+00:00"
}