{
  "win_rate": 52.63157894736842,
  "total": 133,
  "last10_wr": 40.0,
  "yes_wr": 56.43564356435643,
  "no_wr": 40.625,
  "worse_direction": "NO",
  "conv3_wr": 54.09836065573771,
  "conv4_wr": 40.0,
  "conv4_flagged": true,
  "ts": "2026-03-26T11:00:01.895068+00:00"
}