{
  "win_rate": 56.25,
  "total": 176,
  "last10_wr": 70.0,
  "yes_wr": 60.56338028169014,
  "no_wr": 38.23529411764706,
  "worse_direction": "NO",
  "conv3_wr": 57.57575757575758,
  "conv4_wr": 40.0,
  "conv4_flagged": true,
  "ts": "2026-04-01T20:00:03.950325+00:00"
}