{
  "win_rate": 53.38983050847458,
  "total": 118,
  "last10_wr": 70.0,
  "yes_wr": 58.139534883720934,
  "no_wr": 40.625,
  "worse_direction": "NO",
  "conv3_wr": 55.140186915887845,
  "conv4_wr": 40.0,
  "conv4_flagged": true,
  "ts": "2026-03-26T03:30:01.696972+00:00"
}