{
  "win_rate": 55.61797752808989,
  "total": 178,
  "last10_wr": 50.0,
  "yes_wr": 59.72222222222222,
  "no_wr": 38.23529411764706,
  "worse_direction": "NO",
  "conv3_wr": 56.886227544910184,
  "conv4_wr": 40.0,
  "conv4_flagged": true,
  "ts": "2026-04-01T21:00:02.965340+00:00"
}