{
  "win_rate": 53.84615384615385,
  "total": 117,
  "last10_wr": 70.0,
  "yes_wr": 58.139534883720934,
  "no_wr": 41.935483870967744,
  "worse_direction": "NO",
  "conv3_wr": 55.660377358490564,
  "conv4_wr": 40.0,
  "conv4_flagged": true,
  "ts": "2026-03-25T20:30:01.778208+00:00"
}