{
  "win_rate": 45.07042253521127,
  "total": 71,
  "last10_wr": 50.0,
  "yes_wr": 47.61904761904761,
  "no_wr": 41.37931034482759,
  "worse_direction": "NO",
  "conv3_wr": 46.666666666666664,
  "conv4_wr": 40.0,
  "conv4_flagged": false,
  "ts": "2026-03-23T19:30:02.920360+00:00"
}