{
  "win_rate": 52.98507462686567,
  "total": 134,
  "last10_wr": 50.0,
  "yes_wr": 56.86274509803921,
  "no_wr": 40.625,
  "worse_direction": "NO",
  "conv3_wr": 54.47154471544715,
  "conv4_wr": 40.0,
  "conv4_flagged": true,
  "ts": "2026-03-26T12:00:02.217820+00:00"
}