{
  "win_rate": 54.0,
  "total": 150,
  "last10_wr": 60.0,
  "yes_wr": 58.620689655172406,
  "no_wr": 38.23529411764706,
  "worse_direction": "NO",
  "conv3_wr": 55.39568345323741,
  "conv4_wr": 40.0,
  "conv4_flagged": true,
  "ts": "2026-03-28T01:30:02.842379+00:00"
}