{
  "win_rate": 51.35135135135135,
  "total": 37,
  "last10_wr": 20.0,
  "yes_wr": 54.166666666666664,
  "no_wr": 46.15384615384615,
  "worse_direction": "NO",
  "conv3_wr": 57.692307692307686,
  "conv4_wr": 40.0,
  "conv4_flagged": true,
  "ts": "2026-03-21T14:30:02.484271+00:00"
}