{
  "win_rate": 44.26229508196721,
  "total": 61,
  "last10_wr": 40.0,
  "yes_wr": 46.875,
  "no_wr": 41.37931034482759,
  "worse_direction": "NO",
  "conv3_wr": 46.0,
  "conv4_wr": 40.0,
  "conv4_flagged": false,
  "ts": "2026-03-23T11:00:02.586932+00:00"
}