{
  "win_rate": 53.84615384615385,
  "total": 156,
  "last10_wr": 60.0,
  "yes_wr": 58.19672131147541,
  "no_wr": 38.23529411764706,
  "worse_direction": "NO",
  "conv3_wr": 55.172413793103445,
  "conv4_wr": 40.0,
  "conv4_flagged": true,
  "ts": "2026-03-29T14:00:03.107282+00:00"
}