{
  "win_rate": 46.875,
  "total": 64,
  "last10_wr": 60.0,
  "yes_wr": 51.42857142857142,
  "no_wr": 41.37931034482759,
  "worse_direction": "NO",
  "conv3_wr": 49.056603773584904,
  "conv4_wr": 40.0,
  "conv4_flagged": false,
  "ts": "2026-03-23T12:30:03.496762+00:00"
}