{
  "win_rate": 56.06936416184971,
  "total": 173,
  "last10_wr": 80.0,
  "yes_wr": 60.431654676258994,
  "no_wr": 38.23529411764706,
  "worse_direction": "NO",
  "conv3_wr": 57.407407407407405,
  "conv4_wr": 40.0,
  "conv4_flagged": true,
  "ts": "2026-04-01T16:30:03.548392+00:00"
}