{
  "win_rate": 47.82608695652174,
  "total": 46,
  "last10_wr": 30.0,
  "yes_wr": 52.0,
  "no_wr": 42.857142857142854,
  "worse_direction": "NO",
  "conv3_wr": 51.42857142857142,
  "conv4_wr": 40.0,
  "conv4_flagged": true,
  "ts": "2026-03-21T19:30:03.814774+00:00"
}