{
  "win_rate": 43.859649122807014,
  "total": 57,
  "last10_wr": 30.0,
  "yes_wr": 45.16129032258064,
  "no_wr": 42.30769230769231,
  "worse_direction": "NO",
  "conv3_wr": 45.65217391304348,
  "conv4_wr": 40.0,
  "conv4_flagged": false,
  "ts": "2026-03-23T09:00:03.181125+00:00"
}