{
  "win_rate": 53.44827586206896,
  "total": 116,
  "last10_wr": 60.0,
  "yes_wr": 57.647058823529406,
  "no_wr": 41.935483870967744,
  "worse_direction": "NO",
  "conv3_wr": 55.23809523809524,
  "conv4_wr": 40.0,
  "conv4_flagged": true,
  "ts": "2026-03-25T20:00:01.976440+00:00"
}