{
  "win_rate": 44.230769230769226,
  "total": 52,
  "last10_wr": 20.0,
  "yes_wr": 48.148148148148145,
  "no_wr": 40.0,
  "worse_direction": "NO",
  "conv3_wr": 46.34146341463415,
  "conv4_wr": 40.0,
  "conv4_flagged": false,
  "ts": "2026-03-22T23:30:03.686108+00:00"
}