{
  "win_rate": 53.48837209302325,
  "total": 129,
  "last10_wr": 50.0,
  "yes_wr": 57.73195876288659,
  "no_wr": 40.625,
  "worse_direction": "NO",
  "conv3_wr": 55.08474576271186,
  "conv4_wr": 40.0,
  "conv4_flagged": true,
  "ts": "2026-03-26T10:30:02.637265+00:00"
}