{
  "win_rate": 53.84615384615385,
  "total": 143,
  "last10_wr": 70.0,
  "yes_wr": 58.18181818181818,
  "no_wr": 39.39393939393939,
  "worse_direction": "NO",
  "conv3_wr": 55.3030303030303,
  "conv4_wr": 40.0,
  "conv4_flagged": true,
  "ts": "2026-03-26T21:30:02.288310+00:00"
}