{
  "win_rate": 53.57142857142857,
  "total": 140,
  "last10_wr": 60.0,
  "yes_wr": 57.943925233644855,
  "no_wr": 39.39393939393939,
  "worse_direction": "NO",
  "conv3_wr": 55.03875968992248,
  "conv4_wr": 40.0,
  "conv4_flagged": true,
  "ts": "2026-03-26T21:00:02.937697+00:00"
}