{
  "win_rate": 54.87804878048781,
  "total": 164,
  "last10_wr": 70.0,
  "yes_wr": 59.23076923076923,
  "no_wr": 38.23529411764706,
  "worse_direction": "NO",
  "conv3_wr": 56.209150326797385,
  "conv4_wr": 40.0,
  "conv4_flagged": true,
  "ts": "2026-03-31T11:30:02.250417+00:00"
}