{
  "win_rate": 53.17460317460318,
  "total": 126,
  "last10_wr": 50.0,
  "yes_wr": 57.446808510638306,
  "no_wr": 40.625,
  "worse_direction": "NO",
  "conv3_wr": 54.78260869565217,
  "conv4_wr": 40.0,
  "conv4_flagged": true,
  "ts": "2026-03-26T10:00:02.321626+00:00"
}