{
  "win_rate": 48.837209302325576,
  "total": 43,
  "last10_wr": 30.0,
  "yes_wr": 54.166666666666664,
  "no_wr": 42.10526315789473,
  "worse_direction": "NO",
  "conv3_wr": 53.125,
  "conv4_wr": 40.0,
  "conv4_flagged": true,
  "ts": "2026-03-21T16:00:01.866854+00:00"
}