{
  "win_rate": 46.808510638297875,
  "total": 47,
  "last10_wr": 30.0,
  "yes_wr": 52.0,
  "no_wr": 40.909090909090914,
  "worse_direction": "NO",
  "conv3_wr": 50.0,
  "conv4_wr": 40.0,
  "conv4_flagged": false,
  "ts": "2026-03-22T14:30:03.126351+00:00"
}