{
  "win_rate": 44.89795918367347,
  "total": 49,
  "last10_wr": 30.0,
  "yes_wr": 48.148148148148145,
  "no_wr": 40.909090909090914,
  "worse_direction": "NO",
  "conv3_wr": 47.368421052631575,
  "conv4_wr": 40.0,
  "conv4_flagged": false,
  "ts": "2026-03-22T22:30:03.709966+00:00"
}