{
  "win_rate": 48.23529411764706,
  "total": 85,
  "last10_wr": 70.0,
  "yes_wr": 51.85185185185185,
  "no_wr": 41.935483870967744,
  "worse_direction": "NO",
  "conv3_wr": 50.0,
  "conv4_wr": 40.0,
  "conv4_flagged": false,
  "ts": "2026-03-25T04:30:02.301459+00:00"
}