{
  "win_rate": 52.52525252525253,
  "total": 99,
  "last10_wr": 70.0,
  "yes_wr": 57.35294117647059,
  "no_wr": 41.935483870967744,
  "worse_direction": "NO",
  "conv3_wr": 54.54545454545454,
  "conv4_wr": 40.0,
  "conv4_flagged": true,
  "ts": "2026-03-25T13:30:01.923731+00:00"
}