{
  "win_rate": 55.88235294117647,
  "total": 170,
  "last10_wr": 90.0,
  "yes_wr": 60.29411764705882,
  "no_wr": 38.23529411764706,
  "worse_direction": "NO",
  "conv3_wr": 57.23270440251572,
  "conv4_wr": 40.0,
  "conv4_flagged": true,
  "ts": "2026-04-01T12:30:03.371588+00:00"
}