{
  "win_rate": 53.71900826446281,
  "total": 121,
  "last10_wr": 70.0,
  "yes_wr": 58.42696629213483,
  "no_wr": 40.625,
  "worse_direction": "NO",
  "conv3_wr": 55.45454545454545,
  "conv4_wr": 40.0,
  "conv4_flagged": true,
  "ts": "2026-03-26T09:30:01.956261+00:00"
}