{
  "win_rate": 52.77777777777778,
  "total": 36,
  "last10_wr": 30.0,
  "yes_wr": 56.52173913043478,
  "no_wr": 46.15384615384615,
  "worse_direction": "NO",
  "conv3_wr": 60.0,
  "conv4_wr": 40.0,
  "conv4_flagged": true,
  "ts": "2026-03-21T12:30:02.967100+00:00"
}