{
  "win_rate": 45.28301886792453,
  "total": 53,
  "last10_wr": 30.0,
  "yes_wr": 50.0,
  "no_wr": 40.0,
  "worse_direction": "NO",
  "conv3_wr": 47.61904761904761,
  "conv4_wr": 40.0,
  "conv4_flagged": false,
  "ts": "2026-03-23T00:00:04.530466+00:00"
}