{
  "win_rate": 45.67901234567901,
  "total": 81,
  "last10_wr": 50.0,
  "yes_wr": 48.0,
  "no_wr": 41.935483870967744,
  "worse_direction": "NO",
  "conv3_wr": 47.14285714285714,
  "conv4_wr": 40.0,
  "conv4_flagged": false,
  "ts": "2026-03-24T12:00:02.193084+00:00"
}