{
  "win_rate": 52.336448598130836,
  "total": 107,
  "last10_wr": 50.0,
  "yes_wr": 56.57894736842105,
  "no_wr": 41.935483870967744,
  "worse_direction": "NO",
  "conv3_wr": 54.166666666666664,
  "conv4_wr": 40.0,
  "conv4_flagged": true,
  "ts": "2026-03-25T14:30:02.554312+00:00"
}