{
  "win_rate": 53.75,
  "total": 160,
  "last10_wr": 50.0,
  "yes_wr": 57.936507936507944,
  "no_wr": 38.23529411764706,
  "worse_direction": "NO",
  "conv3_wr": 55.033557046979865,
  "conv4_wr": 40.0,
  "conv4_flagged": true,
  "ts": "2026-03-30T12:00:02.543858+00:00"
}