{
  "win_rate": 51.81818181818182,
  "total": 110,
  "last10_wr": 40.0,
  "yes_wr": 55.69620253164557,
  "no_wr": 41.935483870967744,
  "worse_direction": "NO",
  "conv3_wr": 53.535353535353536,
  "conv4_wr": 40.0,
  "conv4_flagged": true,
  "ts": "2026-03-25T15:00:02.450442+00:00"
}