{
  "win_rate": 55.688622754491014,
  "total": 167,
  "last10_wr": 90.0,
  "yes_wr": 60.150375939849624,
  "no_wr": 38.23529411764706,
  "worse_direction": "NO",
  "conv3_wr": 57.05128205128205,
  "conv4_wr": 40.0,
  "conv4_flagged": true,
  "ts": "2026-04-01T11:30:03.576772+00:00"
}