{
  "win_rate": 44.927536231884055,
  "total": 69,
  "last10_wr": 50.0,
  "yes_wr": 47.5,
  "no_wr": 41.37931034482759,
  "worse_direction": "NO",
  "conv3_wr": 46.55172413793103,
  "conv4_wr": 40.0,
  "conv4_flagged": false,
  "ts": "2026-03-23T16:00:02.587436+00:00"
}