{
  "win_rate": 55.952380952380956,
  "total": 168,
  "last10_wr": 100.0,
  "yes_wr": 60.447761194029844,
  "no_wr": 38.23529411764706,
  "worse_direction": "NO",
  "conv3_wr": 57.324840764331206,
  "conv4_wr": 40.0,
  "conv4_flagged": true,
  "ts": "2026-04-01T12:00:04.321689+00:00"
}