{
  "win_rate": 45.56962025316456,
  "total": 79,
  "last10_wr": 50.0,
  "yes_wr": 48.0,
  "no_wr": 41.37931034482759,
  "worse_direction": "NO",
  "conv3_wr": 47.05882352941176,
  "conv4_wr": 40.0,
  "conv4_flagged": false,
  "ts": "2026-03-24T11:00:02.317704+00:00"
}