{
  "win_rate": 43.63636363636363,
  "total": 55,
  "last10_wr": 20.0,
  "yes_wr": 46.666666666666664,
  "no_wr": 40.0,
  "worse_direction": "NO",
  "conv3_wr": 45.45454545454545,
  "conv4_wr": 40.0,
  "conv4_flagged": false,
  "ts": "2026-03-23T00:30:03.801630+00:00"
}