{
  "win_rate": 43.333333333333336,
  "total": 60,
  "last10_wr": 30.0,
  "yes_wr": 45.16129032258064,
  "no_wr": 41.37931034482759,
  "worse_direction": "NO",
  "conv3_wr": 44.89795918367347,
  "conv4_wr": 40.0,
  "conv4_flagged": false,
  "ts": "2026-03-23T10:30:03.892094+00:00"
}