{
  "win_rate": 53.16455696202531,
  "total": 158,
  "last10_wr": 50.0,
  "yes_wr": 57.25806451612904,
  "no_wr": 38.23529411764706,
  "worse_direction": "NO",
  "conv3_wr": 54.421768707483,
  "conv4_wr": 40.0,
  "conv4_flagged": true,
  "ts": "2026-03-30T11:30:02.552477+00:00"
}