{
  "win_rate": 52.57731958762887,
  "total": 97,
  "last10_wr": 80.0,
  "yes_wr": 57.57575757575758,
  "no_wr": 41.935483870967744,
  "worse_direction": "NO",
  "conv3_wr": 54.65116279069767,
  "conv4_wr": 40.0,
  "conv4_flagged": true,
  "ts": "2026-03-25T13:00:02.241124+00:00"
}