{
  "win_rate": 53.691275167785236,
  "total": 149,
  "last10_wr": 60.0,
  "yes_wr": 58.26086956521739,
  "no_wr": 38.23529411764706,
  "worse_direction": "NO",
  "conv3_wr": 55.072463768115945,
  "conv4_wr": 40.0,
  "conv4_flagged": true,
  "ts": "2026-03-27T20:30:02.488488+00:00"
}