{
  "win_rate": 53.333333333333336,
  "total": 135,
  "last10_wr": 50.0,
  "yes_wr": 57.28155339805825,
  "no_wr": 40.625,
  "worse_direction": "NO",
  "conv3_wr": 54.83870967741935,
  "conv4_wr": 40.0,
  "conv4_flagged": true,
  "ts": "2026-03-26T12:30:01.947359+00:00"
}