{
  "win_rate": 54.601226993865026,
  "total": 163,
  "last10_wr": 60.0,
  "yes_wr": 58.91472868217055,
  "no_wr": 38.23529411764706,
  "worse_direction": "NO",
  "conv3_wr": 55.92105263157895,
  "conv4_wr": 40.0,
  "conv4_flagged": true,
  "ts": "2026-03-31T08:00:03.587374+00:00"
}