{
  "win_rate": 53.42465753424658,
  "total": 146,
  "last10_wr": 50.0,
  "yes_wr": 58.03571428571429,
  "no_wr": 38.23529411764706,
  "worse_direction": "NO",
  "conv3_wr": 54.81481481481482,
  "conv4_wr": 40.0,
  "conv4_flagged": true,
  "ts": "2026-03-26T22:00:02.687339+00:00"
}