{
  "win_rate": 53.23741007194245,
  "total": 139,
  "last10_wr": 50.0,
  "yes_wr": 57.54716981132076,
  "no_wr": 39.39393939393939,
  "worse_direction": "NO",
  "conv3_wr": 54.6875,
  "conv4_wr": 40.0,
  "conv4_flagged": true,
  "ts": "2026-03-26T20:00:02.065325+00:00"
}