{
  "win_rate": 48.717948717948715,
  "total": 39,
  "last10_wr": 20.0,
  "yes_wr": 54.166666666666664,
  "no_wr": 40.0,
  "worse_direction": "NO",
  "conv3_wr": 53.57142857142857,
  "conv4_wr": 40.0,
  "conv4_flagged": true,
  "ts": "2026-03-21T15:00:03.772278+00:00"
}