{
  "win_rate": 46.15384615384615,
  "total": 78,
  "last10_wr": 60.0,
  "yes_wr": 48.97959183673469,
  "no_wr": 41.37931034482759,
  "worse_direction": "NO",
  "conv3_wr": 47.76119402985074,
  "conv4_wr": 40.0,
  "conv4_flagged": false,
  "ts": "2026-03-24T01:30:02.675451+00:00"
}