{
  "win_rate": 50.0,
  "total": 92,
  "last10_wr": 80.0,
  "yes_wr": 54.09836065573771,
  "no_wr": 41.935483870967744,
  "worse_direction": "NO",
  "conv3_wr": 51.85185185185185,
  "conv4_wr": 40.0,
  "conv4_flagged": true,
  "ts": "2026-03-25T12:30:02.162319+00:00"
}