{
  "win_rate": 48.888888888888886,
  "total": 45,
  "last10_wr": 30.0,
  "yes_wr": 54.166666666666664,
  "no_wr": 42.857142857142854,
  "worse_direction": "NO",
  "conv3_wr": 52.94117647058824,
  "conv4_wr": 40.0,
  "conv4_flagged": true,
  "ts": "2026-03-21T18:00:03.367362+00:00"
}