{
  "win_rate": 53.5483870967742,
  "total": 155,
  "last10_wr": 50.0,
  "yes_wr": 57.85123966942148,
  "no_wr": 38.23529411764706,
  "worse_direction": "NO",
  "conv3_wr": 54.861111111111114,
  "conv4_wr": 40.0,
  "conv4_flagged": true,
  "ts": "2026-03-28T11:30:02.586913+00:00"
}