{
  "win_rate": 51.11111111111111,
  "total": 90,
  "last10_wr": 90.0,
  "yes_wr": 55.932203389830505,
  "no_wr": 41.935483870967744,
  "worse_direction": "NO",
  "conv3_wr": 53.16455696202531,
  "conv4_wr": 40.0,
  "conv4_flagged": true,
  "ts": "2026-03-25T12:00:02.452786+00:00"
}