{
  "win_rate": 46.25,
  "total": 80,
  "last10_wr": 60.0,
  "yes_wr": 48.0,
  "no_wr": 43.333333333333336,
  "worse_direction": "NO",
  "conv3_wr": 47.82608695652174,
  "conv4_wr": 40.0,
  "conv4_flagged": false,
  "ts": "2026-03-24T11:30:02.398922+00:00"
}