{
  "win_rate": 53.06122448979592,
  "total": 147,
  "last10_wr": 50.0,
  "yes_wr": 57.52212389380531,
  "no_wr": 38.23529411764706,
  "worse_direction": "NO",
  "conv3_wr": 54.41176470588235,
  "conv4_wr": 40.0,
  "conv4_flagged": true,
  "ts": "2026-03-27T11:30:02.491330+00:00"
}