{
  "win_rate": 46.0,
  "total": 50,
  "last10_wr": 30.0,
  "yes_wr": 48.148148148148145,
  "no_wr": 43.47826086956522,
  "worse_direction": "NO",
  "conv3_wr": 48.717948717948715,
  "conv4_wr": 40.0,
  "conv4_flagged": false,
  "ts": "2026-03-22T23:00:03.216298+00:00"
}