{
  "win_rate": 50.0,
  "total": 44,
  "last10_wr": 30.0,
  "yes_wr": 54.166666666666664,
  "no_wr": 45.0,
  "worse_direction": "NO",
  "conv3_wr": 54.54545454545454,
  "conv4_wr": 40.0,
  "conv4_flagged": true,
  "ts": "2026-03-21T17:00:03.041405+00:00"
}