{
  "win_rate": 53.09734513274337,
  "total": 113,
  "last10_wr": 50.0,
  "yes_wr": 57.3170731707317,
  "no_wr": 41.935483870967744,
  "worse_direction": "NO",
  "conv3_wr": 54.90196078431373,
  "conv4_wr": 40.0,
  "conv4_flagged": true,
  "ts": "2026-03-25T19:30:01.724916+00:00"
}