{
  "win_rate": 54.037267080745345,
  "total": 161,
  "last10_wr": 50.0,
  "yes_wr": 58.26771653543307,
  "no_wr": 38.23529411764706,
  "worse_direction": "NO",
  "conv3_wr": 55.333333333333336,
  "conv4_wr": 40.0,
  "conv4_flagged": true,
  "ts": "2026-03-30T15:30:03.412449+00:00"
}