{
  "win_rate": 44.285714285714285,
  "total": 70,
  "last10_wr": 50.0,
  "yes_wr": 46.34146341463415,
  "no_wr": 41.37931034482759,
  "worse_direction": "NO",
  "conv3_wr": 45.76271186440678,
  "conv4_wr": 40.0,
  "conv4_flagged": false,
  "ts": "2026-03-23T17:00:02.286724+00:00"
}