{
  "win_rate": 53.284671532846716,
  "total": 137,
  "last10_wr": 50.0,
  "yes_wr": 57.692307692307686,
  "no_wr": 39.39393939393939,
  "worse_direction": "NO",
  "conv3_wr": 54.761904761904766,
  "conv4_wr": 40.0,
  "conv4_flagged": true,
  "ts": "2026-03-26T16:30:02.353436+00:00"
}