{
  "win_rate": 54.285714285714285,
  "total": 35,
  "last10_wr": 40.0,
  "yes_wr": 56.52173913043478,
  "no_wr": 50.0,
  "worse_direction": "NO",
  "conv3_wr": 62.5,
  "conv4_wr": 40.0,
  "conv4_flagged": true,
  "ts": "2026-03-21T06:30:01.764961+00:00"
}